name,per,calories,protein,fat,carbs,per_unit_grams,count_unit
# === FISH & SEAFOOD (魚介類) - Per 100g ===
まぐろ,100g,125,26,1.4,0,,
鮪,100g,125,26,1.4,0,,
マグロ,100g,125,26,1.4,0,,
tuna,100g,125,26,1.4,0,,
Tuna (raw),100g,125,26,1.4,0,,
まぐろ（赤身）,100g,125,26.4,1.4,0.1,,
Tuna (lean),100g,125,26.4,1.4,0.1,,
Tuna akami,100g,125,26.4,1.4,0.1,,
まぐろ（トロ）,100g,344,20.1,27.5,0.1,,
Tuna (fatty),100g,344,20.1,27.5,0.1,,
Tuna toro,100g,344,20.1,27.5,0.1,,
さけ,100g,156,22,7,0,,
鮭,100g,156,22,7,0,,
サケ,100g,156,22,7,0,,
鮭（さけ）,100g,156,22,7,0,,
サーモン,100g,156,22,7,0,,
salmon,100g,156,22,7,0,,
Salmon (raw),100g,156,22,7,0,,
あじ,100g,127,17.6,6.3,0,,
鯵,100g,127,17.6,6.3,0,,
アジ,100g,127,17.6,6.3,0,,
Horse mackerel,100g,127,17.6,6.3,0,,
さば,100g,202,20.7,13.9,0,,
鯖,100g,202,20.7,13.9,0,,
サバ,100g,202,20.7,13.9,0,,
鯖（さば）,100g,202,20.7,13.9,0,,
mackerel,100g,202,20.7,13.9,0,,
いわし,100g,156,19.8,8.8,0,,
鰯,100g,156,19.8,8.8,0,,
イワシ,100g,156,19.8,8.8,0,,
sardine,100g,156,19.8,8.8,0,,
ぶり,100g,257,21.4,17.6,0,,
鰤,100g,257,21.4,17.6,0,,
ブリ,100g,257,21.4,17.6,0,,
yellowtail,100g,257,21.4,17.6,0,,
amberjack,100g,257,21.4,17.6,0,,
カツオ,100g,114,25.8,0.5,0.1,,
bonito,100g,114,25.8,0.5,0.1,,
skipjack,100g,114,25.8,0.5,0.1,,
鯛（たい）,100g,142,20.6,5.8,0.1,,
sea bream,100g,142,20.6,5.8,0.1,,
カレイ,100g,95,19.6,1.3,0.1,,
flounder,100g,95,19.6,1.3,0.1,,
サンマ,100g,310,18.5,24.6,0.1,,
pacific saury,100g,310,18.5,24.6,0.1,,
ウナギ,100g,255,17.1,19.3,0.3,,
eel,100g,255,17.1,19.3,0.3,,
タラ,100g,77,17.6,0.2,0.1,,
cod,100g,77,17.6,0.2,0.1,,
明太子,100g,126,21.0,3.3,3.0,,
mentaiko,100g,126,21.0,3.3,3.0,,
spicy cod roe,100g,126,21.0,3.3,3.0,,
スケトウダラ,100g,79,17.4,0.3,0.1,,
pollock,100g,79,17.4,0.3,0.1,,
ニシン,100g,216,17.4,15.1,0.1,,
herring,100g,216,17.4,15.1,0.1,,
カタクチイワシ,100g,192,18.2,11.3,0.3,,
anchovy,100g,192,18.2,11.3,0.3,,
アナゴ,100g,161,17.3,9.3,0,,
conger eel,100g,161,17.3,9.3,0,,
ヒラメ,100g,103,20.0,2.0,0,,
flatfish,100g,103,20.0,2.0,0,,
ボラ,100g,128,19.2,4.3,0.1,,
mullet,100g,128,19.2,4.3,0.1,,
ホタテ,100g,72,13.5,0.9,1.5,,
scallop,100g,72,13.5,0.9,1.5,,
エビ,100g,82,18.4,0.6,0.1,,
shrimp,100g,82,18.4,0.6,0.1,,
prawn,100g,82,18.4,0.6,0.1,,
イカ,100g,83,17.9,0.8,0.1,,
squid,100g,83,17.9,0.8,0.1,,
タコ,100g,76,16.4,0.7,0.1,,
octopus,100g,76,16.4,0.7,0.1,,
# === MEAT (肉類) - Per 100g ===
鶏むね肉（皮なし）,100g,108,23,1.5,0,,
鶏むね肉,100g,108,23,1.5,0,,
とりむねにく,100g,108,23,1.5,0,,
チキンむね,100g,108,23,1.5,0,,
chicken breast,100g,108,23,1.5,0,,
chicken breast skinless,100g,108,23,1.5,0,,
鶏もも肉（皮なし）,100g,200,16.6,14,0,,
鶏もも肉,100g,200,16.6,14,0,,
とりももにく,100g,200,16.6,14,0,,
チキンもも,100g,200,16.6,14,0,,
chicken thigh,100g,200,16.6,14,0,,
chicken thigh skinless,100g,200,16.6,14,0,,
手羽先,100g,200,16.7,13.3,0,,
てばさき,100g,200,16.7,13.3,0,,
チキンウイング,100g,200,16.7,13.3,0,,
chicken wing,100g,200,16.7,13.3,0,,
鶏皮,100g,498,9,50,0,,
とりかわ,100g,498,9,50,0,,
chicken skin,100g,498,9,50,0,,
鶏ひき肉,100g,166,17,10,0,,
とりひきにく,100g,166,17,10,0,,
チキンミンチ,100g,166,17,10,0,,
ground chicken,100g,166,17,10,0,,
鶏ささみ,100g,105,23.0,0.8,0,,
chicken tenderloin,100g,105,23.0,0.8,0,,
chicken sasami,100g,105,23.0,0.8,0,,
豚ロース,100g,263,19,20,0.2,,
ぶたロース,100g,263,19,20,0.2,,
ポークロース,100g,263,19,20,0.2,,
pork loin,100g,263,19,20,0.2,,
豚バラ,100g,386,14,35,0.1,,
豚バラ肉,100g,386,14,35,0.1,,
ぶたバラ,100g,386,14,35,0.1,,
ポークバラ,100g,386,14,35,0.1,,
pork belly,100g,386,14,35,0.1,,
豚肩ロース,100g,253,18,19,0,,
ぶたかたロース,100g,253,18,19,0,,
pork shoulder,100g,253,18,19,0,,
豚ひき肉,100g,221,17,16,0,,
ぶたひきにく,100g,221,17,16,0,,
ポークミンチ,100g,221,17,16,0,,
ground pork,100g,221,17,16,0,,
豚ヒレ肉,100g,115,22.8,1.9,0.2,,
pork tenderloin,100g,115,22.8,1.9,0.2,,
pork fillet,100g,115,22.8,1.9,0.2,,
豚もも肉,100g,183,20.5,10.2,0.2,,
pork leg,100g,183,20.5,10.2,0.2,,
牛サーロイン,100g,298,17,24,0,,
ぎゅうサーロイン,100g,298,17,24,0,,
ビーフサーロイン,100g,298,17,24,0,,
beef sirloin,100g,298,17,24,0,,
牛バラ,100g,395,14,38,0,,
ぎゅうバラ,100g,395,14,38,0,,
ビーフバラ,100g,395,14,38,0,,
beef rib,100g,395,14,38,0,,
牛ヒレ,100g,185,20,11,0,,
牛ヒレ肉,100g,185,20,11,0,,
ぎゅうヒレ,100g,185,20,11,0,,
フィレ,100g,185,20,11,0,,
ヒレ肉,100g,185,20,11,0,,
beef fillet,100g,185,20,11,0,,
beef tenderloin,100g,185,20,11,0,,
牛ひき肉,100g,224,18,16,0,,
ぎゅうひきにく,100g,224,18,16,0,,
ビーフミンチ,100g,224,18,16,0,,
ground beef,100g,224,18,16,0,,
和牛,100g,450,14,42,0,,
わぎゅう,100g,450,14,42,0,,
ワギュウ,100g,450,14,42,0,,
wagyu beef,100g,450,14,42,0,,
合いびき肉,100g,241,17,18,0,,
あいびきにく,100g,241,17,18,0,,
合挽き,100g,241,17,18,0,,
ミックスミンチ,100g,241,17,18,0,,
ground beef & pork,100g,241,17,18,0,,
鶏レバー,100g,111,18.8,3.1,0.6,,
とりレバー,100g,111,18.8,3.1,0.6,,
レバー,100g,111,18.8,3.1,0.6,,
chicken liver,100g,111,18.8,3.1,0.6,,
豚レバー,100g,132,20.4,3.7,0.5,,
ぶたレバー,100g,132,20.4,3.7,0.5,,
ポークレバー,100g,132,20.4,3.7,0.5,,
pork liver,100g,132,20.4,3.7,0.5,,
牛レバー,100g,132,19.0,3.7,2.0,,
ぎゅうレバー,100g,132,19.0,3.7,2.0,,
ビーフレバー,100g,132,19.0,3.7,2.0,,
beef liver,100g,132,19.0,3.7,2.0,,
牛もも肉,100g,182,19.5,10.7,0.5,,
beef round,100g,182,19.5,10.7,0.5,,
beef thigh,100g,182,19.5,10.7,0.5,,
牛カルビ,100g,371,14.4,32.9,0.2,,
beef short rib,100g,371,14.4,32.9,0.2,,
beef kalbi,100g,371,14.4,32.9,0.2,,
ラム肉,100g,198,18.0,12.0,0.2,,
lamb,100g,198,18.0,12.0,0.2,,
# === VEGETABLES (野菜類) - Per 100g raw ===
にんじん,100g,39,0.7,0.2,9.3,,
Carrot,100g,39,0.7,0.2,9.3,,
carrot,100g,39,0.7,0.2,9.3,,
きゅうり,100g,14,1.0,0.1,3.0,,
Cucumber,100g,14,1.0,0.1,3.0,,
cucumber,100g,14,1.0,0.1,3.0,,
大根,100g,18,0.5,0.1,4.1,,
Daikon Radish,100g,18,0.5,0.1,4.1,,
daikon,100g,18,0.5,0.1,4.1,,
かぼちゃ,100g,91,1.9,0.3,20.6,,
Japanese Pumpkin (Kabocha),100g,91,1.9,0.3,20.6,,
pumpkin,100g,91,1.9,0.3,20.6,,
kabocha,100g,91,1.9,0.3,20.6,,
なす,100g,22,1.1,0.1,5.1,,
Eggplant,100g,22,1.1,0.1,5.1,,
eggplant,100g,22,1.1,0.1,5.1,,
ほうれん草,100g,20,2.2,0.4,3.1,,
Spinach,100g,20,2.2,0.4,3.1,,
spinach,100g,20,2.2,0.4,3.1,,
キャベツ,100g,23,1.3,0.2,5.2,,
Cabbage,100g,23,1.3,0.2,5.2,,
cabbage,100g,23,1.3,0.2,5.2,,
レタス,100g,12,0.6,0.1,2.8,,
Lettuce,100g,12,0.6,0.1,2.8,,
lettuce,100g,12,0.6,0.1,2.8,,
ねぎ,100g,34,1.4,0.1,7.6,,
Green Onion / Scallion,100g,34,1.4,0.1,7.6,,
green onion,100g,34,1.4,0.1,7.6,,
scallion,100g,34,1.4,0.1,7.6,,
ブロッコリー,100g,33,4.3,0.5,5.2,,
Broccoli,100g,33,4.3,0.5,5.2,,
broccoli,100g,33,4.3,0.5,5.2,,
ピーマン,100g,22,0.9,0.2,5.1,,
Bell Pepper,100g,22,0.9,0.2,5.1,,
bell pepper,100g,22,0.9,0.2,5.1,,
紫蘇,100g,37,3.9,0.1,7.5,,
Shiso Leaf,100g,37,3.9,0.1,7.5,,
shiso,100g,37,3.9,0.1,7.5,,
れんこん,100g,66,1.9,0.1,15.5,,
Lotus Root,100g,66,1.9,0.1,15.5,,
lotus root,100g,66,1.9,0.1,15.5,,
ごぼう,100g,65,1.8,0.1,15.4,,
Burdock Root,100g,65,1.8,0.1,15.4,,
burdock,100g,65,1.8,0.1,15.4,,
しいたけ,100g,19,3.0,0.4,4.9,,
Mushroom (Shiitake),100g,19,3.0,0.4,4.9,,
shiitake,100g,19,3.0,0.4,4.9,,
えのき,100g,22,2.7,0.2,7.6,,
Mushroom (Enoki),100g,22,2.7,0.2,7.6,,
enoki,100g,22,2.7,0.2,7.6,,
しめじ,100g,18,2.7,0.5,4.8,,
Mushroom (Shimeji),100g,18,2.7,0.5,4.8,,
shimeji,100g,18,2.7,0.5,4.8,,
トマト,100g,19,0.7,0.1,4.7,,
Tomato,100g,19,0.7,0.1,4.7,,
tomato,100g,19,0.7,0.1,4.7,,
ミニトマト,100g,29,1.1,0.1,7.2,,
Cherry Tomato,100g,29,1.1,0.1,7.2,,
cherry tomato,100g,29,1.1,0.1,7.2,,
さつまいも,100g,132,1.2,0.2,31.5,,
Sweet Potato,100g,132,1.2,0.2,31.5,,
sweet potato,100g,132,1.2,0.2,31.5,,
じゃがいも,100g,76,1.6,0.1,17.6,,
Potato,100g,76,1.6,0.1,17.6,,
potato,100g,76,1.6,0.1,17.6,,
とうもろこし,100g,92,3.6,1.7,16.8,,
Corn (on cob),100g,92,3.6,1.7,16.8,,
corn,100g,92,3.6,1.7,16.8,,
いんげん,100g,23,1.8,0.1,5.1,,
Green Bean,100g,23,1.8,0.1,5.1,,
green bean,100g,23,1.8,0.1,5.1,,
グリーンピース,100g,93,6.9,0.4,17.7,,
Peas,100g,93,6.9,0.4,17.7,,
peas,100g,93,6.9,0.4,17.7,,
オクラ,100g,30,2.1,0.2,6.6,,
Okra,100g,30,2.1,0.2,6.6,,
okra,100g,30,2.1,0.2,6.6,,
たけのこ,100g,26,3.6,0.2,4.3,,
Bamboo Shoot,100g,26,3.6,0.2,4.3,,
bamboo shoot,100g,26,3.6,0.2,4.3,,
小松菜,100g,14,1.5,0.2,2.4,,
Komatsuna (Japanese Mustard Spinach),100g,14,1.5,0.2,2.4,,
Komatsuna,100g,14,1.5,0.2,2.4,,
komatsuna,100g,14,1.5,0.2,2.4,,
白菜,100g,14,0.8,0.1,3.2,,
Napa Cabbage,100g,14,0.8,0.1,3.2,,
napa cabbage,100g,14,0.8,0.1,3.2,,
水菜,100g,23,2.2,0.1,4.8,,
Mizuna,100g,23,2.2,0.1,4.8,,
mizuna,100g,23,2.2,0.1,4.8,,
春菊,100g,22,2.3,0.3,3.9,,
Shungiku (Chrysanthemum Greens),100g,22,2.3,0.3,3.9,,
shungiku,100g,22,2.3,0.3,3.9,,
豆苗,100g,31,4.8,0.4,4.3,,
Green Pea Sprouts,100g,31,4.8,0.4,4.3,,
pea shoots,100g,31,4.8,0.4,4.3,,
枝豆,100g,135,11.7,6.2,8.8,,
Edamame,100g,135,11.7,6.2,8.8,,
edamame,100g,135,11.7,6.2,8.8,,
玉ねぎ,100g,37,1.0,0.1,8.8,,
Onion,100g,37,1.0,0.1,8.8,,
onion,100g,37,1.0,0.1,8.8,,
にんにく,100g,134,6.0,0.9,26.3,,
Garlic,100g,134,6.0,0.9,26.3,,
garlic,100g,134,6.0,0.9,26.3,,
ししとう,100g,27,1.9,0.3,5.7,,
Shishito Pepper,100g,27,1.9,0.3,5.7,,
shishito,100g,27,1.9,0.3,5.7,,
カリフラワー,100g,27,3.0,0.1,5.2,,
Cauliflower,100g,27,3.0,0.1,5.2,,
cauliflower,100g,27,3.0,0.1,5.2,,
セロリ,100g,15,0.4,0.1,3.6,,
Celery,100g,15,0.4,0.1,3.6,,
celery,100g,15,0.4,0.1,3.6,,
アスパラガス,100g,22,2.6,0.2,3.9,,
Asparagus,100g,22,2.6,0.2,3.9,,
asparagus,100g,22,2.6,0.2,3.9,,
菜の花,100g,33,4.4,0.2,4.9,,
Rape Blossoms,100g,33,4.4,0.2,4.9,,
rape blossoms,100g,33,4.4,0.2,4.9,,
ふき,100g,11,0.3,0.1,2.5,,
Fuki (Butterbur),100g,11,0.3,0.1,2.5,,
fuki,100g,11,0.3,0.1,2.5,,
みょうが,100g,12,0.9,0.1,2.6,,
Myoga,100g,12,0.9,0.1,2.6,,
myoga,100g,12,0.9,0.1,2.6,,
らっきょう,100g,118,1.4,0.2,29.3,,
Rakkyo (Pickled Shallot),100g,118,1.4,0.2,29.3,,
rakkyo,100g,118,1.4,0.2,29.3,,
クレソン,100g,15,2.1,0.1,2.5,,
Watercress,100g,15,2.1,0.1,2.5,,
watercress,100g,15,2.1,0.1,2.5,,
大根の芽,100g,21,2.1,0.3,3.6,,
Japanese Radish Sprout,100g,21,2.1,0.3,3.6,,
radish sprout,100g,21,2.1,0.3,3.6,,

# === GRAINS & RICE (穀類・ご飯) - Per 100g cooked ===
白米,100g,161,3.5,0.3,36,,
はくまい,100g,161,3.5,0.3,36,,
ハクマイ,100g,161,3.5,0.3,36,,
ご飯,100g,161,3.5,0.3,36,,
ごはん,100g,161,3.5,0.3,36,,
White rice,100g,161,3.5,0.3,36,,
white rice (polished),100g,161,3.5,0.3,36,,

玄米,100g,163,2.8,1.0,35.6,,
げんまい,100g,163,2.8,1.0,35.6,,
ゲンマイ,100g,163,2.8,1.0,35.6,,
玄米ご飯,100g,163,2.8,1.0,35.6,,
Brown rice,100g,163,2.8,1.0,35.6,,

発芽玄米,100g,157,3.0,1.4,33,,
はつがげんまい,100g,157,3.0,1.4,33,,
ハツガゲンマイ,100g,157,3.0,1.4,33,,
Germinated brown rice,100g,157,3.0,1.4,33,,
GABA rice,100g,157,3.0,1.4,33,,

胚芽米,100g,154,2.7,0.6,34.5,,
はいがまい,100g,154,2.7,0.6,34.5,,
ハイガマイ,100g,154,2.7,0.6,34.5,,
Haigamai,100g,154,2.7,0.6,34.5,,
semi-milled rice,100g,154,2.7,0.6,34.5,,

もち米,100g,182,3.1,0.4,41.5,,
もちごめ,100g,182,3.1,0.4,41.5,,
モチゴメ,100g,182,3.1,0.4,41.5,,
Glutinous rice,100g,182,3.1,0.4,41.5,,
Mochi rice,100g,182,3.1,0.4,41.5,,

雑穀米,100g,161,3.5,1.2,34,,
ざっこくまい,100g,161,3.5,1.2,34,,
ザッコクマイ,100g,161,3.5,1.2,34,,
Mixed-grain rice,100g,161,3.5,1.2,34,,
雑穀ご飯,100g,161,3.5,1.2,34,,

# === DRINKS (飲料) - Per 100ml ===
水,100ml,0,0,0,0,,
みず,100ml,0,0,0,0,,
ウォーター,100ml,0,0,0,0,,
Water,100ml,0,0,0,0,,

お茶（緑茶）,100ml,1,0,0,0,,
りょくちゃ,100ml,1,0,0,0,,
緑茶,100ml,1,0,0,0,,
おちゃ,100ml,1,0,0,0,,
Green tea,100ml,1,0,0,0,,

ほうじ茶,100ml,1,0,0,0,,
ほうじちゃ,100ml,1,0,0,0,,
焙じ茶,100ml,1,0,0,0,,
Hojicha,100ml,1,0,0,0,,

麦茶,100ml,0,0,0,0,,
むぎちゃ,100ml,0,0,0,0,,
バーリー・ティー,100ml,0,0,0,0,,
Barley tea,100ml,0,0,0,0,,

烏龍茶,100ml,0,0,0,0,,
ウーロンちゃ,100ml,0,0,0,0,,
ウーロン茶,100ml,0,0,0,0,,
Oolong tea,100ml,0,0,0,0,,

ジャスミン茶,100ml,0,0,0,0,,
ジャスミンちゃ,100ml,0,0,0,0,,
Jasmine Tea,100ml,0,0,0,0,,

黒烏龍茶,100ml,0,0,0,0,,
くろウーロンちゃ,100ml,0,0,0,0,,
Black oolong tea,100ml,0,0,0,0,,

コーヒー（ブラック）,100ml,4,0.2,0,0.7,,
こーひー,100ml,4,0.2,0,0.7,,
コーヒー,100ml,4,0.2,0,0.7,,
Coffee (black),100ml,4,0.2,0,0.7,,
Black coffee,100ml,4,0.2,0,0.7,,

カフェオレ（砂糖なし）,100ml,40,2,1.5,4,,
かふぇおれ,100ml,40,2,1.5,4,,
カフェオレ,100ml,40,2,1.5,4,,
Cafe au lait (unsweetened),100ml,40,2,1.5,4,,

牛乳,100ml,67,3.3,3.8,4.8,,
ぎゅうにゅう,100ml,67,3.3,3.8,4.8,,
ミルク,100ml,67,3.3,3.8,4.8,,
Milk,100ml,67,3.3,3.8,4.8,,

豆乳（無調整）,100ml,46,3.6,2,3,,
とうにゅう,100ml,46,3.6,2,3,,
ソイミルク,100ml,46,3.6,2,3,,
Soy milk (unsweetened),100ml,46,3.6,2,3,,

コーラ,100ml,45,0,0,11,,
こーら,100ml,45,0,0,11,,
Cola,100ml,45,0,0,11,,

サイダー,100ml,42,0,0,10,,
cider,100ml,42,0,0,10,,

スポーツドリンク（例：ポカリ）,100ml,25,0,0,6,,
すぽーつどりんく,100ml,25,0,0,6,,
ポカリ,100ml,25,0,0,6,,
アクエリ,100ml,25,0,0,6,,
Sports drink,100ml,25,0,0,6,,
Pocari,100ml,25,0,0,6,,
Aquarius,100ml,25,0,0,6,,

100%オレンジジュース,100ml,45,0.6,0.2,10,,
おれんじじゅーす,100ml,45,0.6,0.2,10,,
オレンジ,100ml,45,0.6,0.2,10,,
Orange juice 100%,100ml,45,0.6,0.2,10,,

りんごジュース,100ml,46,0.1,0.1,11,,
りんごじゅーす,100ml,46,0.1,0.1,11,,
Apple juice,100ml,46,0.1,0.1,11,,

抹茶ラテ,100ml,75,2,2.5,10,,
まっちゃらて,100ml,75,2,2.5,10,,
Matcha latte,100ml,75,2,2.5,10,,

# === PREPARED FOODS / 惣菜 (Per 100g) ===
唐揚げ,100g,278,13.1,23.5,3.5,,
からあげ,100g,278,13.1,23.5,3.5,,
コロッケ,100g,146,1.8,6.6,19.9,,
ころっけ,100g,146,1.8,6.6,19.9,,
とんかつ,100g,276,14.0,20.0,10.0,,
トンカツ,100g,276,14.0,20.0,10.0,,
焼き魚（鮭）,100g,125,20.0,5.0,0,,
焼き鮭,100g,125,20.0,5.0,0,,
サケ塩焼き,100g,125,20.0,5.0,0,,
煮魚（さば味噌煮）,100g,194,18.0,10.0,8.0,,
サバ味噌煮,100g,194,18.0,10.0,8.0,,
きんぴらごぼう,100g,75,2.0,3.0,10.0,,
ゴボウのきんぴら,100g,75,2.0,3.0,10.0,,
ひじき煮,100g,61,2.0,0.5,12.0,,
ひじきの煮物,100g,61,2.0,0.5,12.0,,
筑前煮,100g,89,3.5,3.0,12.0,,
根菜の煮物,100g,89,3.5,3.0,12.0,,
肉じゃが,100g,111,6.0,3.0,15.0,,
にくじゃが,100g,111,6.0,3.0,15.0,,
卯の花,100g,96,7.0,4.0,8.0,,
おから煮,100g,96,7.0,4.0,8.0,,
ポテトサラダ,100g,111,2.0,7.0,10.0,,
ポテサラ,100g,111,2.0,7.0,10.0,,
マカロニサラダ,100g,132,3.0,8.0,12.0,,
マカサラ,100g,132,3.0,8.0,12.0,,
おひたし（ほうれん草）,100g,26,2.5,0.2,3.5,,
ほうれん草おひたし,100g,26,2.5,0.2,3.5,,
きゅうりの漬物,100g,12,1.0,0,2.0,,
浅漬け,100g,12,1.0,0,2.0,,
きゅうり漬,100g,12,1.0,0,2.0,,
たまご焼き,100g,79,6.5,5.0,2.0,,
玉子焼き,100g,79,6.5,5.0,2.0,,
だし巻き,100g,79,6.5,5.0,2.0,,
焼きそば,100g,173,7.0,5.0,25.0,,
ソース焼きそば,100g,173,7.0,5.0,25.0,,
ナスの揚げびたし,100g,67,1.5,5.0,4.0,,
揚げ浸し,100g,67,1.5,5.0,4.0,,
かぼちゃ煮,100g,37,1.0,0.1,8.0,,
かぼちゃの煮物,100g,37,1.0,0.1,8.0,,
春雨サラダ,100g,73,2.0,1.0,14.0,,
からしレンコン,100g,57,2.0,1.0,10.0,,
九州惣菜,100g,57,2.0,1.0,10.0,,
酢の物,100g,16,1.0,0,3.0,,
きゅうり・わかめ酢和え,100g,16,1.0,0,3.0,,
鶏つくね,100g,152,18.0,8.0,2.0,,
焼きつくね,100g,152,18.0,8.0,2.0,,
つくね,100g,152,18.0,8.0,2.0,,
揚げ出し豆腐,100g,111,8.0,7.0,4.0,,
焼き鳥（もも）,100g,158,17.0,10.0,0,,
焼き鳥もも,100g,158,17.0,10.0,0,,
揚げ餃子,100g,148,7.0,8.0,12.0,,
揚げギョーザ,100g,148,7.0,8.0,12.0,,
肉巻き野菜,100g,150,12.0,10.0,3.0,,
野菜の肉巻き,100g,150,12.0,10.0,3.0,,
焼き厚揚げ,100g,114,12.0,6.0,3.0,,
焼きあつあげ,100g,114,12.0,6.0,3.0,,
こんにゃく煮,100g,22,0.5,0,5.0,,
こんにゃく煮物,100g,22,0.5,0,5.0,,
鯖の塩焼き,100g,157,19.0,9.0,0,,
焼きサバ,100g,157,19.0,9.0,0,,
いわしの梅煮,100g,159,18.0,7.0,6.0,,
梅煮,100g,159,18.0,7.0,6.0,,
# === FRUITS (果物) - Per 100g ===
Apple,100g,59,0.3,0.2,14,,
りんご,100g,59,0.3,0.2,14,,
リンゴ,100g,59,0.3,0.2,14,,
Fuji,100g,59,0.3,0.2,14,,
Jonagold,100g,59,0.3,0.2,14,,
Banana,100g,99,1.1,0.3,23,,
バナナ,100g,99,1.1,0.3,23,,
ばなな,100g,99,1.1,0.3,23,,
Cavendish,100g,99,1.1,0.3,23,,
Orange,100g,52,0.9,0.1,12,,
みかん,100g,52,0.9,0.1,12,,
ミカン,100g,52,0.9,0.1,12,,
Satsuma,100g,52,0.9,0.1,12,,
Tangerine,100g,52,0.9,0.1,12,,
Persimmon,100g,76,0.6,0.2,18,,
柿,100g,76,0.6,0.2,18,,
かき,100g,76,0.6,0.2,18,,
カキ,100g,76,0.6,0.2,18,,
Fuyu,100g,76,0.6,0.2,18,,
Hachiya,100g,76,0.6,0.2,18,,
Grapes,100g,72,0.6,0.2,17,,
ぶどう,100g,72,0.6,0.2,17,,
ブドウ,100g,72,0.6,0.2,17,,
Kyoho,100g,72,0.6,0.2,17,,
Shine Muscat,100g,72,0.6,0.2,17,,
Peach,100g,43,0.5,0.1,10,,
桃,100g,43,0.5,0.1,10,,
もも,100g,43,0.5,0.1,10,,
モモ,100g,43,0.5,0.1,10,,
White Peach,100g,43,0.5,0.1,10,,
Fuyu momo,100g,43,0.5,0.1,10,,
Strawberry,100g,36,0.8,0.1,8,,
苺,100g,36,0.8,0.1,8,,
いちご,100g,36,0.8,0.1,8,,
イチゴ,100g,36,0.8,0.1,8,,
Amaou,100g,36,0.8,0.1,8,,
Tochiotome,100g,36,0.8,0.1,8,,
Watermelon,100g,36,0.6,0.2,8,,
西瓜,100g,36,0.6,0.2,8,,
すいか,100g,36,0.6,0.2,8,,
スイカ,100g,36,0.6,0.2,8,,
Seedless watermelon,100g,36,0.6,0.2,8,,
Kiwi,100g,69,1.1,0.5,15,,
キウイ,100g,69,1.1,0.5,15,,
きうい,100g,69,1.1,0.5,15,,
Hayward,100g,69,1.1,0.5,15,,
Pineapple,100g,55,0.5,0.1,13,,
パイナップル,100g,55,0.5,0.1,13,,
ぱいなっぷる,100g,55,0.5,0.1,13,,
Smooth Cayenne,100g,55,0.5,0.1,13,,
Lemon,100g,43,1.1,0.3,9,,
レモン,100g,43,1.1,0.3,9,,
れもん,100g,43,1.1,0.3,9,,
Citrus limon,100g,43,1.1,0.3,9,,
Mandarin Orange,100g,53,0.8,0.2,12,,
橘,100g,53,0.8,0.2,12,,
たちばな,100g,53,0.8,0.2,12,,
タチバナ,100g,53,0.8,0.2,12,,
Unshiu,100g,53,0.8,0.2,12,,
Cherry,100g,54,1,0.2,12,,
桜んぼ,100g,54,1,0.2,12,,
さくらんぼ,100g,54,1,0.2,12,,
サクランボ,100g,54,1,0.2,12,,
Satonishiki,100g,54,1,0.2,12,,
Bing,100g,54,1,0.2,12,,
Melon,100g,37,0.8,0.2,8,,
メロン,100g,37,0.8,0.2,8,,
めろん,100g,37,0.8,0.2,8,,
Muskmelon,100g,37,0.8,0.2,8,,
Yubari,100g,37,0.8,0.2,8,,
Grapefruit,100g,39,0.6,0.1,9,,
グレープフルーツ,100g,39,0.6,0.1,9,,
ぐれーぷふるーつ,100g,39,0.6,0.1,9,,
Ruby,100g,39,0.6,0.1,9,,
White,100g,39,0.6,0.1,9,,
Loquat,100g,51,0.4,0.2,12,,
枇杷,100g,51,0.4,0.2,12,,
びわ,100g,51,0.4,0.2,12,,
ビワ,100g,51,0.4,0.2,12,,
Yuzu,100g,41,0.8,0.2,9,,
柚子,100g,41,0.8,0.2,9,,
ゆず,100g,41,0.8,0.2,9,,
ユズ,100g,41,0.8,0.2,9,,
Nashi Pear,100g,54,0.4,0.1,13,,
梨,100g,54,0.4,0.1,13,,
なし,100g,54,0.4,0.1,13,,
ナシ,100g,54,0.4,0.1,13,,
Asian Pear,100g,54,0.4,0.1,13,,
Plum,100g,48,0.7,0.1,11,,
梅,100g,48,0.7,0.1,11,,
うめ,100g,48,0.7,0.1,11,,
ウメ,100g,48,0.7,0.1,11,,
Prunus mume,100g,48,0.7,0.1,11,,
Apricot,100g,51,0.5,0.1,12,,
あんず,100g,51,0.5,0.1,12,,
アンズ,100g,51,0.5,0.1,12,,
Fig,100g,82,0.8,0.3,19,,
いちじく,100g,82,0.8,0.3,19,,
イチジク,100g,82,0.8,0.3,19,,
Blueberry,100g,62,0.7,0.3,14,,
ブルーベリー,100g,62,0.7,0.3,14,,
ぶるーべりー,100g,62,0.7,0.3,14,,
Raspberry,100g,58,1.2,0.6,12,,
ラズベリー,100g,58,1.2,0.6,12,,
らずべりー,100g,58,1.2,0.6,12,,
Blackberry,100g,50,1.3,0.5,10,,
ブラックベリー,100g,50,1.3,0.5,10,,
ぶらっくべりー,100g,50,1.3,0.5,10,,
Mango,100g,67,0.8,0.4,15,,
マンゴー,100g,67,0.8,0.4,15,,
まんごー,100g,67,0.8,0.4,15,,
Alphonso,100g,67,0.8,0.4,15,,
Haden,100g,67,0.8,0.4,15,,
Papaya,100g,47,0.5,0.1,11,,
パパイヤ,100g,47,0.5,0.1,11,,
ぱぱいや,100g,47,0.5,0.1,11,,
Cantaloupe,100g,37,0.8,0.2,8,,
カンタロープ,100g,37,0.8,0.2,8,,
かんたろーぷ,100g,37,0.8,0.2,8,,
Honeydew,100g,41,0.7,0.2,9,,
ハニーデュー,100g,41,0.7,0.2,9,,
はにーでゅー,100g,41,0.7,0.2,9,,
Persian Melon,100g,37,0.7,0.2,8,,
ペルシアンメロン,100g,37,0.7,0.2,8,,
ぺるしあんめろん,100g,37,0.7,0.2,8,,
Pomegranate,100g,82,1,0.2,19,,
ザクロ,100g,82,1,0.2,19,,
ざくろ,100g,82,1,0.2,19,,
Clementine,100g,52,0.8,0.1,12,,
クレメンタイン,100g,52,0.8,0.1,12,,
くれめんたいん,100g,52,0.8,0.1,12,,
Coconut,100g,370,3.3,33,15,,
ココナッツ,100g,370,3.3,33,15,,
ここなっつ,100g,370,3.3,33,15,,
Dried,100g,370,3.3,33,15,,
Raw,100g,370,3.3,33,15,,
Lychee,100g,75,0.8,0.4,17,,
ライチ,100g,75,0.8,0.4,17,,
らいち,100g,75,0.8,0.4,17,,
Mandarinquat,100g,48,0.9,0.1,11,,
マンダリンカット,100g,48,0.9,0.1,11,,
まんだりんかっと,100g,48,0.9,0.1,11,,
Passion Fruit,100g,100,1,0.4,23,,
パッションフルーツ,100g,100,1,0.4,23,,
ぱっしょんふるーつ,100g,100,1,0.4,23,,
Dragon Fruit,100g,51,1,0.3,11,,
ドラゴンフルーツ,100g,51,1,0.3,11,,
どらごんふるーつ,100g,51,1,0.3,11,,
Starfruit,100g,30,0.3,0.1,7,,
スターフルーツ,100g,30,0.3,0.1,7,,
すたーふるーつ,100g,30,0.3,0.1,7,,
Grapes (Green),100g,72,0.6,0.2,17,,
Muscat,100g,72,0.6,0.2,17,,
Grapes (Red),100g,72,0.6,0.2,17,,
Fig (Dried),100g,270,3.6,0.4,63,,
Apple (Green),100g,59,0.3,0.2,14,,
Granny Smith,100g,59,0.3,0.2,14,,
Pear (Asian),100g,54,0.4,0.1,13,,
Nashi,100g,54,0.4,0.1,13,,
Cherry Tomato,100g,17,0.9,0.2,3,,
ミニトマト,100g,17,0.9,0.2,3,,
みにとまと,100g,17,0.9,0.2,3,,
Umeboshi,100g,27,0.5,0.1,6,,
梅干し,100g,27,0.5,0.1,6,,
うめぼし,100g,27,0.5,0.1,6,,
ウメボシ,100g,27,0.5,0.1,6,,
Raspberry (Frozen),100g,58,1.2,0.6,12,,
ラズベリー,100g,58,1.2,0.6,12,,
らずべりー,100g,58,1.2,0.6,12,,
